"","sa","sb","n","a1","a2","a3","a4","a5","b1","b2","dsa","dsb","Freq"
"653",93,13,15001,8,9,19,27,30,6,7,0,0,1
"683",95,16,15002,3,14,20,26,32,6,10,2,3,1
"176",120,13,15003,12,19,27,28,34,1,12,25,-3,1
"433",75,11,15004,3,12,14,18,28,5,6,-45,-2,1
"456",77,15,15005,11,14,15,18,19,7,8,2,4,2
"95",109,10,15006,6,8,30,32,33,3,7,32,-5,1
"318",62,12,15007,2,7,8,14,31,4,8,-47,2,1
"308",60,13,15008,7,10,11,15,17,3,10,-2,1,1
"196",125,16,15009,17,22,26,27,33,6,10,65,3,1
"621",90,9,15010,2,6,17,30,35,2,7,-35,-7,2
"672",94,7,15011,4,13,22,25,30,1,6,4,-2,2
"281",55,14,15012,3,4,6,11,31,5,9,-39,7,1
"142",114,17,15013,11,15,25,28,35,7,10,59,3,1
"130",113,13,15014,8,16,25,29,35,3,10,-1,-4,3
"372",68,15,15015,1,5,13,17,32,4,11,-45,2,1
"530",83,20,15016,6,7,16,20,34,9,11,15,5,1
"514",82,8,15017,7,13,16,17,29,1,7,-1,-12,4
"431",75,10,15018,4,7,10,23,31,3,7,-7,2,3
"409",72,4,15019,2,8,16,22,24,1,3,-3,-6,1
"202",126,5,15020,11,26,28,29,32,1,4,54,1,1
"200",126,11,15021,22,23,24,26,31,5,6,0,6,1
"438",75,23,15022,9,11,14,15,26,11,12,-51,12,1
"309",60,14,15023,6,9,11,12,22,3,11,-15,-9,2
"361",66,7,15024,2,6,8,16,34,3,4,6,-7,1
"575",86,21,15025,7,10,20,22,27,10,11,20,14,1
"432",75,10,15026,11,13,14,15,22,2,8,-11,-11,3
"21",101,13,15027,5,21,22,25,28,3,10,26,3,1
"69",105,19,15028,3,9,28,32,33,9,10,4,6,1
"35",101,8,15029,7,10,19,30,35,3,5,-4,-11,3
"53",103,7,15030,9,18,19,26,31,2,5,2,-1,1
"185",122,16,15031,7,21,29,32,33,4,12,19,9,1
"101",109,18,15032,6,21,25,27,30,7,11,-13,2,1
"690",96,10,15033,3,17,22,26,28,3,7,-13,-8,2
"390",71,14,15034,4,8,15,18,26,5,9,-25,4,2
"227",140,11,15035,22,24,29,30,35,1,10,69,-3,1
"738",99,12,15036,14,18,20,23,24,4,8,-41,1,1
"74",106,15,15037,10,16,21,28,31,7,8,7,3,1
"170",119,15,15038,12,19,22,31,35,7,8,13,0,1
"292",57,7,15039,3,6,7,16,25,1,6,-62,-8,1
"481",79,21,15040,2,9,10,23,35,9,12,22,14,1
"538",84,11,15041,1,11,21,23,28,1,10,5,-10,2
"329",63,13,15042,3,7,12,17,24,2,11,-21,2,3
"735",98,9,15043,2,20,22,25,29,2,7,35,-4,2
"199",125,4,15044,16,18,27,31,33,1,3,27,-5,2
"731",98,20,15045,8,9,22,29,30,8,12,-27,16,2
"385",70,14,15046,5,7,10,22,26,4,10,-28,-6,1
"425",74,17,15047,1,2,17,23,31,5,12,4,3,2
"2",100,11,15048,10,11,22,24,33,2,9,26,-6,2
"348",65,18,15049,8,9,11,15,22,8,10,-35,7,2
"401",71,9,15050,6,7,10,20,28,2,7,6,-9,1
"267",51,6,15051,1,2,11,16,21,1,5,-20,-3,1
"122",112,15,15052,13,19,24,27,29,7,8,61,9,1
"183",122,11,15053,8,25,28,29,32,4,7,10,-4,1
"540",84,12,15054,2,9,15,24,34,3,9,-38,1,3
"500",81,15,15055,6,11,14,20,30,5,10,-3,3,2
"726",98,13,15056,6,12,19,26,35,3,10,17,-2,3
"271",53,10,15057,1,5,7,14,26,4,6,-45,-3,2
"31",101,19,15058,10,14,20,27,30,7,12,48,9,3
"618",90,4,15059,7,9,19,23,32,1,3,-11,-15,1
"192",124,15,15060,16,24,25,26,33,4,11,34,11,1
"299",59,12,15061,6,7,8,16,22,2,10,-65,-3,1
"283",55,5,15062,6,7,13,14,15,1,4,-4,-7,1
"491",80,6,15063,1,4,6,34,35,2,4,25,1,1
"606",89,17,15064,2,8,20,28,31,7,10,9,11,3
"341",64,19,15065,4,5,7,13,35,8,11,-25,2,1
"272",53,12,15066,1,3,7,13,29,2,10,-11,-7,2
"525",83,15,15067,4,10,18,24,27,4,11,30,3,4
"623",91,12,15068,2,3,20,31,35,4,8,8,-3,3
"382",69,8,15069,2,9,11,22,25,1,7,-22,-4,1
"300",59,16,15070,3,9,12,17,18,4,12,-10,8,1
"412",73,14,15071,4,6,13,16,34,4,10,14,-2,1
"193",124,19,15072,19,20,21,31,33,9,10,51,5,1
"203",126,7,15073,9,26,27,30,34,1,6,2,-12,1
"659",94,13,15074,1,12,21,27,33,4,9,-32,6,2
"136",113,22,15075,13,14,26,27,33,10,12,19,9,1
"91",108,17,15076,3,19,21,31,34,5,12,-5,-5,1
"537",84,11,15077,1,16,17,22,28,2,9,-24,-6,2
"212",130,3,15078,19,24,26,28,33,1,2,46,-8,1
"429",74,9,15079,1,9,17,23,24,4,5,-56,6,1
"195",125,11,15080,14,20,29,30,32,3,8,51,2,1
"252",47,14,15081,3,4,10,13,17,5,9,-78,3,1
"147",115,9,15082,8,15,28,31,33,3,6,68,-5,2
"52",103,22,15083,14,16,19,25,29,10,12,-12,13,1
"156",117,13,15084,10,20,21,32,34,6,7,14,-9,2
"236",31,15,15085,2,3,4,6,16,3,12,-86,2,1
"403",72,13,15086,5,9,11,15,32,4,9,41,-2,2
"314",61,12,15087,2,5,15,17,22,1,11,-11,-1,1
"137",113,23,15088,5,15,28,31,34,11,12,52,11,1
"513",82,22,15089,5,12,18,20,27,10,12,-31,-1,2
"337",64,14,15090,6,9,11,17,21,6,8,-18,-8,1
"689",96,10,15091,2,7,28,29,30,3,7,32,-4,2
"724",98,13,15092,2,14,21,27,34,5,8,2,3,3
"117",111,6,15093,16,17,25,26,27,2,4,13,-7,2
"279",55,10,15094,2,3,10,11,29,3,7,-56,4,1
"159",117,15,15095,8,14,26,34,35,5,10,62,5,2
"334",63,8,15096,3,9,12,18,21,2,6,-54,-7,1
"619",90,5,15097,4,16,17,26,27,1,4,27,-3,2
"59",104,15,15098,9,14,21,27,33,6,9,14,10,2
"507",82,15,15099,9,12,14,22,25,5,10,-22,0,1
"710",97,12,15100,9,15,18,23,32,5,7,15,-3,2
"564",85,19,15101,6,12,17,18,32,7,12,-12,7,3
"81",107,15,15102,11,14,15,33,34,3,12,22,-4,1
"614",90,14,15103,7,9,15,25,34,4,10,-17,-1,2
"191",124,13,15104,16,19,25,30,34,4,9,34,-1,1
"487",80,14,15105,8,9,15,21,27,5,9,-44,1,1
"472",78,5,15106,2,11,13,22,30,2,3,-2,-9,1
"89",108,13,15107,3,23,25,28,29,6,7,30,8,2
"585",87,19,15108,1,13,16,26,31,7,12,-21,6,1
"392",71,15,15109,1,6,11,22,31,3,12,-16,-4,2
"396",71,18,15110,2,7,10,22,30,7,11,0,3,3
"523",83,13,15111,7,8,16,24,28,3,10,12,-5,2
"391",71,15,15112,4,5,15,19,28,4,11,-12,2,2
"723",98,12,15113,1,14,21,29,33,2,10,27,-3,1
"149",116,12,15114,9,18,24,31,34,2,10,18,0,2
"327",63,12,15115,8,12,13,14,16,3,9,-53,0,2
"647",93,10,15116,7,10,19,24,33,3,7,30,-2,3
"77",106,21,15117,6,17,20,30,33,10,11,13,11,1
"554",85,13,15118,3,7,20,24,31,4,9,-21,-8,3
"296",58,17,15119,1,8,12,16,21,6,11,-27,4,1
"499",81,15,15120,1,9,15,24,32,5,10,23,-2,2
"463",78,10,15121,2,4,17,27,28,4,6,-3,-5,1
"13",100,17,15122,11,13,15,26,35,6,11,22,7,3
"66",105,12,15123,4,15,27,29,30,2,10,5,-5,2
"568",85,9,15124,4,6,12,31,32,3,6,-20,-3,1
"349",65,18,15125,2,3,15,17,28,8,10,-20,9,2
"255",47,9,15126,4,5,8,9,21,3,6,-18,-9,1
"520",83,11,15127,9,11,14,19,30,3,8,36,2,2
"87",107,7,15128,10,12,23,30,32,3,4,24,-4,1
"541",84,12,15129,1,6,23,25,29,3,9,-23,5,3
"226",139,14,15130,17,25,31,32,34,2,12,55,2,1
"671",94,5,15131,11,17,19,20,27,2,3,-45,-9,2
"386",70,6,15132,3,8,14,18,27,1,5,-24,1,1
"411",73,12,15133,3,7,8,25,30,4,8,3,6,2
"298",59,11,15134,1,2,6,15,35,4,7,-14,-1,1
"680",95,14,15135,5,16,20,25,29,6,8,36,3,2
"97",109,12,15136,5,20,23,29,32,2,10,14,-2,1
"30",101,19,15137,14,17,21,23,26,8,11,-8,7,3
"722",98,11,15138,1,16,20,29,32,4,7,-3,-8,3
"365",67,12,15139,2,3,5,25,32,5,7,-31,1,4
"594",88,17,15140,1,11,15,26,35,6,11,21,5,2
"400",71,5,15141,2,4,15,19,31,2,3,-17,-12,1
"64",104,9,15142,12,14,22,26,30,3,6,33,4,1
"207",128,21,15143,9,20,31,33,35,10,11,24,12,1
"607",89,17,15144,1,9,24,26,29,6,11,-39,-4,3
"669",94,23,15145,6,7,20,29,32,11,12,5,6,1
"694",96,15,15146,4,15,19,27,31,4,11,2,-8,1
"276",53,18,15147,1,2,13,18,19,8,10,-43,3,1
"109",110,17,15148,8,11,27,31,33,8,9,57,-1,2
"306",60,10,15149,4,6,10,12,28,2,8,-50,-7,2
"646",93,10,15150,4,13,18,25,33,3,7,33,0,3
"144",114,8,15151,15,16,18,30,35,1,7,21,-2,1
"678",95,13,15152,4,5,22,29,35,2,11,-19,5,4
"613",90,13,15153,1,7,22,27,33,2,11,-5,0,2
"457",77,15,16001,1,7,19,20,30,5,10,-13,2,2
"714",97,16,16002,7,12,18,25,35,7,9,20,1,2
"495",81,13,16003,4,12,17,22,26,6,7,-16,-3,3
"180",120,19,16004,10,20,23,32,35,9,10,39,6,1
"320",62,19,16005,6,9,12,15,20,8,11,-58,0,1
"649",93,11,16006,14,16,17,22,24,2,9,31,-8,3
"598",88,4,16007,2,5,14,32,35,1,3,-5,-7,1
"164",117,9,16008,5,12,31,34,35,4,5,29,5,1
"310",60,14,16009,5,8,10,17,20,2,12,-57,5,2
"550",84,7,16010,12,13,15,16,28,2,5,24,-7,1
"294",58,15,16011,2,8,10,15,23,5,10,-26,8,2
"424",74,15,16012,5,7,11,23,28,3,12,16,0,1
"131",113,13,16013,3,21,23,31,35,2,11,39,-2,3
"569",86,12,16014,6,8,21,24,27,2,10,-27,-1,1
"293",58,12,16015,1,4,10,13,30,3,9,-28,0,1
"702",96,7,16016,3,10,22,29,32,2,5,38,-5,4
"108",110,15,16017,11,18,24,28,29,5,10,14,8,1
"595",88,19,16018,5,10,13,27,33,8,11,-22,4,1
"446",76,17,16019,4,11,15,20,26,8,9,-12,-2,1
"721",98,11,16020,1,16,22,29,30,2,9,22,-6,3
"302",59,20,16021,1,4,9,10,35,9,11,-39,9,1
"88",108,13,16022,4,18,21,30,35,2,11,49,-7,2
"478",79,17,16023,4,9,14,25,27,6,11,-29,4,2
"250",47,12,16024,1,2,11,15,18,4,8,-32,-5,1
"379",69,17,16025,3,6,13,23,24,7,10,22,5,1
"34",101,8,16026,2,6,29,30,34,1,7,32,-9,3
"421",73,8,16027,6,11,13,15,28,2,6,-28,0,1
"71",105,9,16028,13,18,20,23,31,3,6,32,1,1
"221",134,17,16029,20,26,27,29,32,5,12,29,8,1
"120",112,10,16030,10,19,21,29,33,4,6,-22,-7,1
"712",97,15,16031,3,14,24,27,29,4,11,-15,5,1
"502",81,17,16032,5,9,14,20,33,5,12,-16,2,1
"729",98,19,16033,3,14,15,31,35,9,10,17,2,1
"211",130,19,16034,14,18,31,32,35,9,10,32,0,1
"161",117,21,16035,17,22,24,25,29,9,12,-13,2,1
"105",109,9,16036,7,15,26,30,31,3,6,-8,-12,3
"483",79,8,16037,3,5,13,24,34,3,5,-30,-1,1
"368",67,17,16038,3,7,9,15,33,5,12,-12,9,1
"441",75,9,16039,1,8,16,22,28,4,5,8,-8,1
"225",136,7,16040,20,22,29,30,35,1,6,61,-2,1
"181",120,9,16041,12,23,24,27,34,3,6,-16,2,1
"304",59,7,16042,2,6,8,19,24,1,6,-61,-2,1
"655",93,21,16043,1,9,16,33,34,9,12,34,14,1
"373",68,16,16044,1,6,10,20,31,5,11,-25,-5,1
"72",106,10,16045,7,11,25,30,33,2,8,38,-6,1
"111",110,20,16046,3,19,22,32,34,8,12,4,10,1
"604",89,14,16047,2,3,23,29,32,5,9,-21,-6,1
"558",85,14,16048,4,12,17,25,27,4,10,-4,0,3
"402",72,13,16049,3,4,5,27,33,4,9,-13,-1,2
"103",109,9,16050,7,17,21,29,35,4,5,37,-4,3
"201",126,15,16051,16,21,23,34,32,7,8,17,6,1
"668",94,21,16052,8,14,19,20,33,10,11,-32,6,2
"717",97,8,16053,4,13,15,30,35,3,5,3,-13,1
"367",67,13,16054,2,5,9,21,30,6,7,-30,5,2
"166",118,13,16055,6,21,27,30,34,4,9,51,0,1
"48",102,9,16056,10,12,14,31,35,4,5,-16,-4,4
"707",97,11,16057,8,17,19,23,30,3,8,-5,2,3
"557",85,14,16058,2,15,17,23,28,5,9,-12,3,3
"5",100,12,16059,2,10,27,28,33,5,7,15,-2,2
"629",91,19,16060,2,6,22,27,34,8,11,-9,7,1
"562",85,19,16061,9,15,17,21,23,7,12,-6,0,3
"442",76,10,16062,2,10,14,15,35,1,9,-9,-9,2
"58",104,14,16063,8,12,22,27,35,5,9,28,4,1
"358",66,16,16064,1,2,10,18,35,5,11,-38,2,2
"428",74,23,16065,1,9,18,22,24,11,12,8,7,1
"215",131,16,16066,10,28,29,31,33,5,11,57,-7,1
"270",53,10,16067,2,8,11,13,19,2,8,-78,-6,2
"666",94,19,16068,5,7,22,26,34,7,12,41,9,2
"49",103,11,16069,14,17,19,23,30,2,9,9,-8,1
"355",66,12,16070,2,9,13,19,23,5,7,-37,1,3
"685",95,19,16071,8,15,19,20,33,7,12,29,7,2
"155",117,13,16072,16,20,24,26,31,4,9,22,-6,2
"608",89,18,16073,7,14,17,24,27,8,10,-28,5,1
"238",38,11,16074,1,5,7,11,14,3,8,-51,-7,1
"489",80,20,16075,3,7,17,22,31,8,12,42,9,1
"376",69,11,16076,3,8,10,17,31,5,6,-11,-9,1
"565",85,7,16077,9,11,14,16,35,2,5,16,-4,3
"178",120,16,16078,7,18,29,31,35,5,11,35,9,1
"526",83,15,16079,7,14,15,20,27,5,10,-37,-1,4
"205",127,19,16080,15,20,29,30,33,7,12,44,4,1
"553",85,11,16081,6,7,18,21,33,3,8,-42,-8,1
"637",91,9,16082,3,8,23,28,29,2,7,6,-2,2
"533",83,6,16083,1,5,9,33,35,1,5,-8,-3,1
"705",96,9,16084,8,12,15,26,35,1,8,13,3,2
"173",119,8,16085,14,15,27,31,32,1,7,23,-1,1
"560",85,16,16086,3,5,22,25,30,7,9,-34,8,1
"543",84,16,16087,3,16,17,23,25,7,9,-1,0,1
"593",88,17,16088,4,16,17,21,30,6,11,4,1,2
"11",100,17,16089,7,14,17,28,34,7,10,12,0,3
"470",78,19,16090,4,6,8,28,32,7,12,-22,2,2
"493",81,10,16091,8,13,17,21,22,2,8,3,-9,1
"134",113,18,16092,2,13,31,33,34,7,11,32,8,1
"588",88,13,16093,1,8,14,30,35,6,7,-25,-5,3
"353",66,12,16094,1,14,16,17,18,5,7,-22,-1,3
"475",78,9,16095,8,12,18,19,21,3,6,12,-3,1
"257",48,15,16096,1,6,8,12,21,5,10,-30,6,2
"698",96,22,16097,6,8,18,31,33,10,12,48,7,1
"462",77,9,16098,8,9,11,20,29,4,5,-19,-13,1
"312",60,6,16099,3,4,12,14,27,1,5,-17,-3,1
"681",95,14,16100,8,12,19,26,30,2,12,35,8,2
"76",106,19,16101,4,6,28,33,35,7,12,11,5,2
"527",83,15,16102,3,5,6,34,35,3,12,-23,-4,4
"627",91,14,16103,5,14,20,23,29,3,11,8,-1,1
"691",96,13,16104,1,20,22,23,30,6,7,5,-1,1
"172",119,3,16105,8,11,31,34,35,1,2,23,-10,1
"186",122,5,16106,3,21,30,33,35,1,4,3,2,1
"453",77,10,16107,2,6,19,24,26,4,6,-45,5,1
"713",97,16,16108,10,17,22,23,25,7,9,20,6,2
"182",121,23,16109,3,25,28,31,34,11,12,24,7,1
"26",101,17,16110,7,20,21,23,30,7,10,-20,-6,3
"559",85,14,16111,1,9,22,26,27,2,12,-16,-3,3
"146",115,9,16112,7,22,23,31,32,4,5,30,-5,2
"41",102,15,16113,10,11,17,30,34,3,12,-13,6,1
"165",118,10,16114,16,17,20,32,33,3,7,16,-5,1
"556",85,13,16115,1,4,15,31,34,2,11,-33,3,3
"399",71,22,16116,4,6,8,19,34,10,12,-14,9,1
"343",65,11,16117,3,9,14,16,23,2,9,-6,-11,1
"727",98,14,16118,12,15,18,24,29,3,11,33,3,1
"289",57,15,16119,2,3,9,21,22,5,10,-41,1,1
"737",99,11,16120,3,10,20,32,34,4,7,42,-4,2
"269",52,7,16121,4,5,8,15,20,1,6,-47,-4,1
"305",59,8,16122,1,3,12,14,29,2,6,7,1,1
"422",74,11,16123,4,5,13,20,32,1,10,15,3,1
"696",96,19,16124,4,13,24,26,29,8,11,22,8,2
"482",79,3,16125,6,7,8,28,30,1,2,-17,-16,1
"524",83,14,16126,11,13,16,19,24,6,8,4,11,1
"398",71,19,16127,1,5,15,24,26,9,10,-12,5,1
"184",122,15,16128,17,20,22,30,33,7,8,51,-4,1
"740",99,17,16129,7,8,19,30,35,8,9,-23,2,2
"218",133,13,16130,11,23,32,33,34,1,12,34,-4,1
"45",102,9,16131,6,13,25,28,30,2,7,-31,-4,4
"733",98,3,16132,4,18,19,22,35,1,2,-4,-6,1
"315",61,14,16133,1,4,5,23,28,5,9,-37,11,1
"46",102,9,16134,1,3,31,33,34,2,7,41,-5,4
"445",76,13,16135,1,10,12,18,35,1,12,-26,4,1
"311",60,15,16136,5,6,7,19,23,4,11,-16,2,1
"129",113,12,16137,7,20,23,29,34,2,10,53,-3,2
"68",105,16,16138,12,13,16,29,35,5,11,-8,4,1
"213",130,9,16139,13,21,30,31,35,1,8,25,-7,1
"140",114,15,16140,12,16,23,29,34,4,11,-16,6,1
"322",62,23,16141,2,6,7,19,28,11,12,-52,8,2
"416",73,18,16142,1,6,17,23,26,6,12,11,-5,2
"612",90,13,16143,4,6,22,27,31,6,7,17,-5,2
"435",75,15,16144,4,5,13,22,31,5,10,-15,2,1
"352",66,11,16145,1,9,11,17,28,3,8,-9,-4,1
"214",131,12,16146,21,22,25,29,34,1,11,65,1,1
"61",104,16,16147,7,19,20,28,30,4,12,-27,4,1
"506",82,14,16148,5,14,15,23,25,6,8,-22,-2,1
"263",51,13,16149,1,2,3,12,33,4,9,-31,-1,2
"509",82,17,16150,1,10,18,24,29,7,10,31,4,2
"291",57,17,16151,4,7,11,14,21,5,12,-25,0,2
"24",101,16,16152,8,17,22,24,30,5,11,44,-1,1
"177",120,14,16153,13,18,25,29,35,3,11,19,-2,1
"602",89,10,16154,6,16,17,21,29,4,6,-31,-4,2
"15",100,18,17001,7,9,20,31,33,8,10,11,8,2
"730",98,20,17002,7,12,14,31,34,9,11,-2,2,2
"260",49,21,17003,3,5,6,13,22,9,12,-49,1,1
"522",83,13,17004,5,8,11,28,31,6,7,34,-8,2
"676",95,13,17005,5,9,20,26,35,2,11,12,0,4
"677",95,13,17006,5,9,20,26,35,2,11,0,0,4
"599",88,6,17007,8,11,17,25,27,2,4,-7,-7,1
"420",73,6,17008,3,4,9,25,32,2,4,-15,0,2
"277",53,7,17009,5,6,8,12,22,3,4,-20,1,1
"490",80,3,17010,4,10,13,18,35,1,2,27,-4,1
"60",104,15,17011,5,15,21,29,34,6,9,24,12,2
"665",94,19,17012,4,5,24,26,35,7,12,-10,4,2
"732",98,23,17013,5,12,17,30,34,11,12,4,4,1
"450",76,7,17014,4,8,15,24,25,2,5,-22,-16,1
"597",88,3,17015,1,7,19,27,34,1,2,12,-4,1
"85",107,19,17016,3,13,28,30,33,9,10,19,16,1
"39",102,10,17017,4,19,24,26,29,4,6,-5,-9,1
"324",63,10,17018,6,7,10,17,23,1,9,-39,0,1
"383",70,12,17019,2,6,14,23,25,2,10,7,2,2
"148",116,11,17020,16,21,24,27,28,4,7,46,-1,1
"476",79,14,17021,1,15,17,20,26,6,8,-37,3,1
"282",55,18,17022,2,3,9,17,24,6,12,-24,4,1
"529",83,17,17023,5,8,12,24,34,7,10,28,-1,1
"228",140,23,17024,21,23,29,32,35,11,12,57,6,1
"747",99,9,17025,10,16,19,20,34,4,5,-41,-14,1
"20",100,9,17026,10,14,19,25,32,2,7,1,0,2
"157",117,14,17027,8,17,25,33,34,3,11,17,5,1
"43",102,20,17028,6,18,22,23,33,9,11,-15,6,1
"363",67,12,17029,1,6,14,17,29,1,11,-35,-8,4
"210",130,11,17030,21,22,24,29,34,5,6,63,-1,1
"706",97,11,17031,2,16,17,30,32,2,9,-33,0,3
"444",76,12,17032,2,13,14,18,29,3,9,-21,1,1
"171",119,16,17033,15,22,23,25,34,5,11,43,4,1
"658",94,13,17034,6,12,21,26,29,2,11,-25,-3,2
"152",116,19,17035,14,17,22,30,33,7,12,22,6,1
"350",65,7,17036,1,4,9,18,33,2,5,-51,-12,1
"110",110,17,17037,13,15,16,32,34,6,11,45,10,2
"362",67,12,17038,4,5,13,18,27,3,9,-43,-5,4
"370",68,11,17039,5,6,14,17,26,3,8,1,-1,2
"407",72,20,17040,4,6,10,23,29,9,11,4,9,1
"371",68,14,17041,2,4,6,25,31,5,9,-4,-6,1
"163",117,8,17042,2,17,31,33,34,1,7,49,-6,1
"32",101,21,17043,6,13,22,25,35,9,12,-16,13,1
"580",87,11,17044,11,16,17,18,25,2,9,-14,-10,2
"447",76,21,17045,1,8,11,21,35,9,12,-11,10,1
"670",94,5,17046,4,17,20,23,30,2,3,18,-16,2
"220",133,21,17047,15,19,32,33,34,9,12,39,16,1
"328",63,13,17048,7,9,13,15,19,3,10,-70,-8,3
"590",88,13,17049,9,12,14,22,31,5,8,25,0,3
"635",91,8,17050,12,14,17,20,28,2,6,3,-5,1
"16",100,21,17051,14,17,18,22,29,10,11,9,13,1
"82",107,16,17052,3,19,24,28,33,4,12,7,-5,1
"652",93,12,17053,6,19,20,22,26,1,11,-14,-4,1
"229",140,9,17054,16,29,30,32,33,4,5,47,-3,1
"190",124,12,17055,19,20,22,30,33,3,9,-16,3,1
"589",88,13,17056,1,4,24,27,32,3,10,-36,1,3
"673",94,7,17057,12,16,19,23,24,2,5,6,-6,2
"38",101,9,17058,14,18,20,21,28,3,6,7,2,2
"336",64,13,17059,8,11,13,15,17,3,10,-37,4,1
"27",101,17,17060,9,15,20,26,31,5,12,37,4,3
"86",107,6,17061,10,19,23,25,30,2,4,6,-11,1
"254",47,20,17062,1,4,6,8,28,8,12,-60,14,1
"141",114,16,17063,18,21,22,24,29,5,11,67,-4,1
"578",86,7,17064,1,8,20,27,30,3,4,-28,-9,2
"436",75,17,17065,5,11,12,19,28,5,12,-11,10,1
"67",105,13,17066,11,15,23,26,30,2,11,30,-4,1
"124",112,21,17067,10,17,18,32,35,10,11,7,8,1
"555",85,13,17068,7,8,19,24,27,6,7,-27,-8,3
"29",101,19,17069,10,16,20,23,32,8,11,16,6,3
"699",96,5,17070,6,16,18,26,30,2,3,-5,-14,1
"326",63,12,17071,1,4,11,14,33,5,7,-33,7,2
"746",99,7,17072,1,3,29,32,34,2,5,36,-5,1
"162",117,3,17073,7,18,28,31,33,1,2,18,-4,1
"301",59,19,17074,8,10,11,13,17,8,11,-58,16,1
"567",85,7,17075,5,11,16,18,35,1,6,26,-12,3
"742",99,19,17076,2,7,25,30,35,7,12,14,12,1
"338",64,15,17077,1,3,4,25,31,6,9,-35,-4,1
"37",101,9,17078,4,5,27,31,34,3,6,37,-6,2
"40",102,13,17079,1,17,19,32,33,2,11,1,4,1
"18",100,7,17080,8,10,21,30,31,2,5,-2,-6,2
"534",83,7,17081,2,12,15,20,34,1,6,-17,0,1
"544",84,17,17082,5,13,20,21,25,8,9,1,10,1
"455",77,12,17083,2,5,14,22,34,3,9,-7,-5,2
"531",83,21,17084,6,11,14,21,31,9,12,6,9,2
"634",91,7,17085,9,13,14,25,30,2,5,8,-14,1
"734",98,9,17086,12,15,18,22,31,1,8,7,2,2
"44",102,8,17087,3,14,21,29,35,2,6,4,-1,1
"219",133,17,17088,5,28,31,34,35,8,9,31,9,1
"251",47,13,17089,3,5,6,15,18,3,10,-86,-4,1
"503",81,20,17090,3,6,15,22,35,9,11,34,7,1
"256",48,15,17091,1,5,7,16,19,3,12,-33,-5,2
"388",70,9,17092,3,7,9,17,34,4,5,22,-6,1
"473",78,6,17093,5,6,17,21,29,2,4,8,-3,1
"465",78,12,17094,3,5,8,29,33,4,8,0,6,2
"234",149,15,17095,15,32,33,34,35,3,12,71,3,1
"339",64,16,17096,3,7,9,17,28,4,12,-85,1,2
"697",96,19,17097,7,14,19,22,34,7,12,32,3,2
"716",97,21,17098,6,9,17,30,35,10,11,1,2,1
"443",76,10,17099,8,9,17,18,24,3,7,-21,-11,2
"430",75,10,17100,2,5,18,19,31,1,9,-1,0,3
"679",95,13,17101,5,15,21,25,29,5,8,20,3,4
"609",89,20,17102,1,12,23,24,29,8,12,-6,7,2
"701",96,7,17103,4,19,20,24,29,3,4,7,-13,4
"743",99,20,17104,9,11,22,27,30,9,11,3,13,1
"708",97,11,17105,4,15,22,24,32,2,9,-2,-9,3
"633",91,6,17106,9,12,18,23,29,2,4,-6,-5,1
"561",85,18,17107,4,10,19,25,27,6,12,-6,12,1
"330",63,13,17108,1,4,15,21,22,4,9,-22,-5,3
"657",94,12,17109,6,9,19,26,34,5,7,31,-1,1
"17",100,7,17110,10,14,20,21,35,2,5,6,-5,2
"654",93,20,17111,2,14,17,26,34,8,12,-7,13,1
"663",94,18,17112,5,6,20,31,32,6,12,1,-2,2
"393",71,16,17113,5,8,17,18,23,4,12,-23,-2,1
"356",66,13,17114,6,7,12,18,23,1,12,-5,-3,1
"98",109,14,17115,14,19,20,25,31,6,8,43,1,1
"194",124,4,17116,2,27,30,32,33,1,3,15,-10,1
"458",77,18,17117,5,7,9,24,32,8,10,-47,14,1
"468",78,14,17118,2,7,16,20,33,3,11,1,-4,1
"603",89,11,17119,5,7,13,29,35,3,8,11,-3,1
"3",100,11,17120,8,15,24,26,27,5,6,11,0,2
"451",76,8,17121,1,6,12,26,31,1,7,-24,-3,2
"692",96,14,17122,3,12,18,29,34,3,11,20,6,2
"739",99,13,17123,3,15,23,26,32,1,12,3,-1,1
"208",129,11,17124,3,29,30,32,35,3,8,30,-2,1
"622",90,9,17125,7,11,18,26,28,4,5,-39,-2,2
"454",77,12,17126,3,4,13,24,33,1,11,-13,3,2
"467",78,13,17127,2,15,18,21,22,3,10,1,1,1
"548",84,5,17128,9,11,13,18,33,2,3,6,-8,2
"80",107,13,17129,5,17,20,32,33,4,9,23,8,1
"167",118,7,17130,5,18,28,33,34,3,4,11,-6,1
"378",69,13,17131,3,5,8,19,34,1,12,-49,6,1
"57",104,11,17132,11,17,23,26,27,1,10,35,-2,2
"153",116,4,17133,15,17,19,32,33,1,3,12,-7,1
"107",110,12,17134,7,18,19,32,34,2,10,-6,8,1
"381",69,6,17135,1,12,15,19,22,2,4,-41,-6,1
"440",75,7,17136,1,11,20,21,22,3,4,6,1,1
"4",100,12,17137,1,20,22,28,29,5,7,25,5,2
"344",65,13,17138,4,7,9,20,25,2,11,-35,1,3
"546",84,21,17139,2,6,19,25,32,9,12,19,8,2
"78",106,6,17140,10,16,25,26,29,1,5,22,-15,1
"516",82,8,17141,2,8,21,22,29,3,5,-24,2,4
"377",69,12,17142,1,5,16,19,28,2,10,-13,4,1
"19",100,9,17143,6,9,24,29,32,2,7,31,-3,2
"93",108,21,17144,3,21,23,29,32,10,11,8,12,1
"346",65,13,17145,4,7,17,18,19,3,10,-43,-8,3
"359",66,19,17146,1,5,11,14,35,9,10,1,6,1
"709",97,12,17147,5,16,17,25,34,1,11,31,-7,2
"232",144,23,17148,19,27,31,32,35,11,12,47,11,1
"728",98,16,17149,10,18,19,25,26,4,12,-46,-7,1
"262",50,20,17150,3,6,10,13,18,9,11,-48,4,1
"674",94,9,17151,5,6,23,28,32,4,5,44,-11,1
"335",64,10,17152,2,4,7,23,28,2,8,-30,1,1
"667",94,21,17153,1,9,24,26,34,9,12,30,11,2
"703",96,7,18001,1,13,22,25,35,3,4,2,-14,4
"154",116,7,18002,12,20,23,27,34,1,6,20,0,1
"42",102,19,18003,4,21,23,24,30,9,10,-14,12,1
"650",93,11,18004,4,9,22,28,30,1,10,-9,-8,3
"617",90,19,18005,4,9,23,24,30,8,11,-3,8,1
"223",134,8,18006,19,20,30,32,33,3,5,44,-11,1
"10",100,15,18007,3,4,28,31,34,4,11,-34,7,3
"532",83,21,18008,9,15,17,20,22,10,11,-17,6,2
"143",114,7,18009,10,12,28,30,34,3,4,31,-14,1
"217",132,16,18010,24,25,26,28,29,4,12,18,9,1
"486",80,11,18011,3,13,15,23,26,1,10,-52,-5,2
"123",112,18,18012,3,22,24,29,34,7,11,32,7,1
"216",131,17,18013,8,24,31,33,35,7,10,19,-1,1
"55",103,9,18014,14,16,18,24,31,1,8,-28,-8,2
"477",79,16,18015,4,13,15,18,29,5,11,-24,7,1
"266",51,21,18016,1,2,12,13,23,9,12,-28,5,1
"725",98,13,18017,4,19,21,23,31,4,9,47,-8,3
"480",79,18,18018,6,8,13,24,28,6,12,-19,5,1
"605",89,17,18019,10,11,19,21,28,5,12,10,-1,3
"303",59,21,18020,1,10,13,14,21,9,12,-30,4,1
"243",43,15,18021,5,6,8,9,15,4,11,-16,-6,1
"736",99,11,18022,2,10,19,33,35,5,6,56,-4,2
"648",93,10,18023,12,13,18,21,29,2,8,-6,-1,3
"56",104,11,18024,2,16,24,30,32,4,7,11,1,2
"414",73,15,18025,7,8,9,15,34,7,8,-31,4,2
"240",40,8,18026,1,2,3,4,30,3,5,-33,-7,1
"572",86,15,18027,1,18,20,21,26,4,11,46,7,2
"126",113,11,18028,4,19,25,30,35,4,7,27,-4,2
"587",87,9,18029,3,9,21,25,29,1,8,-26,-2,2
"62",104,20,18030,5,18,21,28,32,9,11,17,11,1
"340",64,16,18031,3,8,13,17,23,5,11,-40,-4,2
"25",101,17,18032,7,10,17,32,35,5,12,37,1,3
"496",81,13,18033,2,3,19,23,34,4,9,-20,-4,3
"1",100,10,18034,8,11,22,27,32,3,7,19,-3,1
"297",58,18,18035,5,7,10,12,24,7,11,-42,8,1
"661",94,15,18036,11,17,18,21,27,7,8,36,-3,1
"639",92,13,18037,1,3,27,30,31,2,11,-2,-2,2
"198",125,4,18038,14,23,25,31,32,1,3,33,-9,2
"545",84,21,18039,2,7,14,29,32,10,11,-41,17,2
"600",88,9,18040,5,7,18,27,31,1,8,4,-12,1
"132",113,13,18041,1,23,25,31,33,1,12,25,4,3
"116",111,14,18042,3,19,25,29,35,5,9,-2,1,1
"528",83,15,18043,3,6,13,28,33,4,11,-28,1,4
"264",51,13,18044,2,4,6,18,21,5,8,-32,-2,2
"640",92,14,18045,2,5,20,30,35,5,9,41,1,1
"133",113,15,18046,10,20,22,29,32,5,10,21,1,1
"280",55,12,18047,3,8,10,14,20,4,8,-58,-3,1
"317",61,9,18048,2,3,11,20,25,2,7,6,-3,1
"244",43,18,18049,4,7,9,10,13,6,12,-18,9,1
"230",141,18,18050,22,24,26,34,35,6,12,98,0,1
"169",119,14,18051,9,18,28,29,35,3,11,-22,-4,1
"536",83,9,18052,5,16,18,19,25,2,7,-36,-5,2
"693",96,14,18053,11,16,21,23,25,2,12,13,5,2
"504",81,8,18054,9,10,12,20,30,1,7,-15,-6,1
"715",97,19,18055,3,7,20,33,34,9,10,16,11,1
"539",84,12,18056,2,4,16,28,34,5,7,-13,-7,3
"96",109,11,18057,13,19,22,27,28,5,6,25,-1,1
"615",90,14,18058,9,11,12,26,32,4,10,-19,3,2
"510",82,17,18059,1,9,10,27,35,6,11,-8,3,2
"128",113,12,18060,4,22,27,29,31,2,10,31,-5,2
"563",85,19,18061,4,10,12,28,31,8,11,-28,7,3
"54",103,9,18062,12,14,19,23,35,2,7,18,-10,2
"6",100,13,18063,5,14,15,32,34,3,10,-3,4,2
"259",48,6,18064,1,3,4,11,29,2,4,-52,-7,1
"92",108,18,18065,7,10,28,31,32,8,10,60,12,1
"102",109,5,18066,1,20,23,32,33,1,4,1,-13,1
"394",71,17,18067,3,7,12,18,31,7,10,-38,12,1
"675",95,11,18068,8,12,16,26,33,5,6,24,-6,1
"366",67,13,18069,1,8,13,21,24,2,11,-28,2,2
"325",63,11,18070,2,5,10,16,30,4,7,-4,-2,1
"624",91,12,18071,2,5,23,30,31,3,9,28,1,3
"547",84,3,18072,5,12,17,24,26,1,2,-7,-9,1
"106",110,10,18073,13,19,24,25,29,2,8,26,7,1
"508",82,16,18074,3,9,12,28,30,4,12,-28,6,1
"415",73,16,18075,1,6,12,20,34,4,12,-9,0,1
"139",114,14,18076,7,18,28,29,32,6,8,41,-2,1
"290",57,17,18077,1,6,9,15,26,8,9,-57,3,2
"518",82,9,18078,7,11,12,22,30,3,6,25,-8,1
"419",73,6,18079,3,4,10,27,29,1,5,-9,-3,2
"63",104,21,18080,7,16,24,26,31,10,11,31,15,1
"494",81,13,18081,2,10,13,21,35,1,12,-23,-8,3
"268",52,18,18082,1,2,14,17,18,8,10,-29,5,1
"744",99,21,18083,7,12,25,27,28,10,11,47,3,1
"630",91,23,18084,6,11,17,22,35,11,12,-8,2,1
"410",73,12,18085,1,2,14,25,31,5,7,-18,-11,2
"187",122,9,18086,16,22,24,29,31,4,5,49,-3,1
"549",84,5,18087,3,14,19,23,25,1,4,-38,-4,2
"704",96,9,18088,8,9,21,25,33,1,8,12,4,2
"233",147,16,18089,26,27,28,32,34,6,10,51,7,1
"158",117,15,18090,6,20,24,33,34,4,11,-30,-1,2
"138",113,8,18091,6,22,26,28,31,1,7,-4,-7,1
"331",63,14,18092,5,7,14,18,19,4,10,-50,6,1
"497",81,14,18093,3,11,16,18,33,3,11,18,0,2
"151",116,18,18094,11,16,25,30,34,8,10,35,4,1
"51",103,17,18095,7,14,18,29,35,5,12,-13,-1,1
"99",109,16,18096,13,14,20,28,34,6,10,6,-1,1
"460",77,5,18097,10,12,14,18,23,1,4,-32,-11,1
"582",87,12,18098,2,15,18,25,27,5,7,10,7,1
"517",82,8,18099,12,13,16,20,21,1,7,-5,-4,4
"50",103,15,18100,6,20,21,26,30,6,9,21,7,1
"551",84,9,18101,3,14,15,23,29,4,5,-19,-6,1
"408",72,22,18102,6,7,13,22,24,10,12,-12,13,1
"206",127,5,18103,14,24,26,28,35,2,3,55,-17,1
"511",82,18,18104,1,13,14,26,28,7,11,-45,13,1
"586",87,9,18105,1,16,19,20,31,2,7,5,-9,2
"620",90,5,18106,4,14,17,24,31,1,4,3,-4,2
"288",56,7,18107,7,8,9,10,22,3,4,-34,2,1
"75",106,19,18108,9,10,24,31,32,7,12,50,12,2
"94",108,7,18109,10,16,23,25,34,2,5,2,-12,1
"22",101,14,18110,6,19,21,27,28,3,11,-7,7,1
"79",106,9,18111,3,16,27,28,32,4,5,5,-5,1
"285",56,13,18112,3,7,8,9,29,3,10,-50,4,1
"119",111,9,18113,8,12,27,31,33,4,5,55,-4,1
"127",113,11,18114,12,18,26,28,29,5,6,2,2,2
"342",64,3,18115,2,6,13,18,25,1,2,-49,-8,1
"574",86,17,18116,1,14,17,21,33,7,10,22,14,1
"505",82,11,18117,7,11,13,22,29,3,8,-4,-6,1
"469",78,15,18118,4,5,14,21,34,6,9,-4,4,1
"461",77,7,18119,6,9,11,16,35,2,5,-1,-8,1
"197",125,17,18120,21,22,25,27,30,8,9,48,10,1
"651",93,11,18121,6,7,21,29,30,1,10,-32,-6,3
"741",99,17,18122,8,9,21,30,31,5,12,6,6,2
"118",111,6,18123,6,9,29,32,35,2,4,12,-11,2
"380",69,21,18124,8,10,12,19,20,10,11,-42,15,1
"719",98,10,18125,7,16,20,21,34,4,6,29,-11,1
"581",87,11,18126,11,13,15,21,27,5,6,-11,1,2
"258",48,20,18127,1,3,4,11,29,8,12,-39,9,1
"479",79,17,18128,11,12,14,16,26,8,9,31,-3,2
"535",83,9,18129,4,7,21,22,29,3,6,4,-8,2
"354",66,12,18130,3,4,16,18,25,1,11,-17,3,3
"121",112,13,18131,12,14,21,32,33,2,11,46,1,1
"632",91,5,18132,3,16,22,23,27,1,4,-21,-8,1
"369",68,11,18133,8,12,14,15,19,1,10,-23,6,2
"660",94,14,18134,4,5,19,31,35,2,12,26,3,1
"160",117,18,18135,14,19,23,27,34,6,12,23,4,1
"357",66,16,18136,3,11,12,19,21,5,11,-51,-2,2
"684",95,19,18137,7,10,22,23,33,8,11,29,3,2
"104",109,9,18138,1,23,24,28,33,4,5,14,-10,3
"682",95,15,18139,5,11,16,28,35,6,9,-14,6,1
"242",42,7,18140,1,6,8,12,15,3,4,-53,-8,1
"638",92,13,18141,3,7,23,26,33,4,9,50,6,2
"222",134,21,18142,19,24,28,29,34,10,11,42,8,1
"576",86,3,18143,4,7,20,22,33,1,2,-48,-18,1
"695",96,18,18144,6,17,18,24,31,7,11,10,15,1
"179",120,17,18145,9,18,29,31,33,6,11,24,-1,1
"360",66,3,18146,3,8,9,13,33,1,2,-54,-14,1
"73",106,12,18147,1,11,26,33,35,2,10,40,9,1
"745",99,5,18148,2,6,24,33,34,2,3,-7,-7,1
"261",49,9,18149,1,7,10,11,20,3,6,-50,4,1
"686",95,22,18150,5,12,13,31,34,10,12,46,13,1
"601",89,10,18151,4,8,18,29,30,3,7,-6,-12,2
"265",51,19,18152,2,4,5,12,28,8,11,-38,9,1
"248",45,9,18153,3,6,7,8,21,1,8,-6,-10,1
"145",115,8,18154,14,22,23,26,30,3,5,70,-1,1
"23",101,15,19001,6,18,23,26,28,3,12,-14,7,1
"452",76,8,19002,2,7,14,22,31,1,7,-25,-7,2
"512",82,22,19003,4,8,18,20,32,10,12,6,14,2
"114",111,12,19004,15,16,17,31,32,3,9,29,-10,2
"115",111,12,19005,15,16,17,31,32,3,9,0,0,2
"65",105,12,19006,14,17,19,25,30,4,8,-6,0,2
"644",92,6,19007,3,12,16,29,32,1,5,-13,-6,1
"405",72,17,19008,3,8,17,20,24,6,11,-20,11,1
"395",71,18,19009,3,9,15,18,26,6,12,-1,1,3
"571",86,14,19010,3,7,24,25,27,2,12,15,-4,2
"319",62,13,19011,4,12,13,16,17,4,9,-24,-1,1
"374",68,17,19012,5,9,17,18,19,7,10,6,4,1
"375",68,9,19013,8,10,15,17,18,1,8,0,-8,1
"70",105,20,19014,12,14,20,28,31,9,11,37,11,1
"307",60,10,19015,2,5,10,13,30,4,6,-45,-10,2
"351",65,8,19016,3,5,13,16,28,2,6,5,-2,1
"313",60,7,19017,1,5,7,22,25,3,4,-5,-1,1
"14",100,18,19018,3,18,19,26,34,6,12,40,11,2
"631",91,3,19019,4,11,19,25,32,1,2,-9,-15,1
"573",86,15,19020,1,8,16,27,34,3,12,-5,12,2
"656",94,11,19021,7,13,17,24,33,1,10,8,-4,1
"284",55,6,19022,1,4,14,15,21,1,5,-39,-5,1
"426",74,17,19023,1,3,14,26,30,6,11,19,11,2
"100",109,17,19024,11,17,19,29,33,8,9,35,0,1
"519",83,10,19025,6,13,16,19,29,3,7,-26,-7,1
"418",73,5,19026,10,12,15,17,19,2,3,-10,-5,1
"113",110,9,19027,16,18,24,25,27,2,7,37,4,1
"168",118,9,19028,6,22,28,29,33,2,7,8,0,1
"439",75,5,19029,1,4,18,24,28,2,3,-43,-4,1
"449",76,6,19030,7,9,13,14,33,2,4,1,1,1
"636",91,9,19031,3,8,21,26,33,4,5,15,3,2
"275",53,15,19032,1,4,7,11,30,7,8,-38,6,1
"253",47,16,19033,1,2,4,16,24,7,9,-6,1,1
"643",92,3,19034,8,12,15,27,30,1,2,45,-13,1
"237",34,17,19035,1,3,5,7,18,8,9,-58,14,1
"626",91,13,19036,3,9,21,28,30,1,12,57,-4,1
"150",116,12,19037,6,16,26,33,35,4,8,25,-1,2
"459",77,19,19038,5,11,16,18,27,7,12,-39,7,1
"641",92,18,19039,1,12,18,26,35,6,12,15,-1,1
"33",101,4,19040,1,3,31,32,34,1,3,9,-14,1
"36",101,8,19041,12,19,20,22,28,2,6,0,4,3
"596",88,23,19042,4,10,13,28,33,11,12,-13,15,1
"241",42,18,19043,2,6,7,12,15,6,12,-46,-5,1
"323",62,3,19044,3,6,10,12,31,1,2,20,-15,1
"413",73,15,19045,1,4,16,19,33,3,12,11,12,2
"427",74,22,19046,2,8,14,15,35,10,12,1,7,1
"345",65,13,19047,3,4,10,16,32,4,9,-9,-9,3
"662",94,16,19048,6,10,16,29,33,5,11,29,3,1
"28",101,18,19049,10,16,22,26,27,7,11,7,2,1
"616",90,15,19050,4,15,16,20,35,3,12,-11,-3,1
"625",91,12,19051,11,15,16,20,29,4,8,1,-3,3
"417",73,18,19052,4,10,15,20,24,7,11,-18,6,2
"642",92,23,19053,1,11,19,26,35,11,12,19,5,1
"8",100,15,19054,2,18,23,27,30,5,10,8,-8,3
"278",53,8,19055,2,4,6,19,22,2,6,-47,-7,1
"274",53,14,19056,1,7,10,12,23,6,8,0,6,1
"84",107,18,19057,8,14,16,34,35,6,12,54,4,2
"406",72,18,19058,3,10,13,14,32,7,11,-35,0,1
"610",89,20,19059,7,8,15,27,32,8,12,17,2,2
"332",63,18,19060,1,11,12,18,21,8,10,-26,-2,1
"286",56,16,19061,1,2,13,14,26,5,11,-7,-2,1
"711",97,13,19062,5,16,23,25,28,1,12,41,-3,1
"364",67,12,19063,5,8,15,18,21,4,8,-30,-1,4
"448",76,23,19064,7,8,13,19,29,11,12,9,11,1
"389",71,14,19065,3,8,10,23,27,2,12,-5,-9,2
"423",74,13,19066,4,10,11,18,31,5,8,3,-1,1
"273",53,12,19067,3,8,11,15,16,2,10,-21,-1,2
"316",61,17,19068,4,5,8,17,27,6,11,8,5,1
"175",120,10,19069,8,22,23,33,34,4,6,59,-7,1
"570",86,14,19070,2,13,15,22,34,2,12,-34,4,2
"397",71,18,19071,7,13,14,15,22,7,11,-15,4,3
"239",39,17,19072,2,4,6,9,18,7,10,-32,-1,1
"471",78,19,19073,4,11,19,20,24,8,11,39,2,2
"466",78,12,19074,8,9,13,14,34,5,7,0,-7,2
"245",45,13,19075,5,6,7,11,16,2,11,-33,1,1
"384",70,12,19076,1,6,11,23,29,1,11,25,-1,2
"583",87,17,19077,1,15,17,21,33,7,10,17,5,2
"645",92,8,19078,5,10,21,26,30,1,7,5,-9,1
"47",102,9,19079,10,13,16,28,35,4,5,10,1,4
"484",79,9,19080,5,13,18,19,24,2,7,-23,0,1
"174",119,9,19081,6,24,26,30,33,2,7,40,0,1
"700",96,7,19082,6,18,20,21,31,3,4,-23,-2,4
"204",127,16,19083,17,24,26,28,32,7,9,31,9,1
"209",129,8,19084,12,23,25,34,35,1,7,2,-8,1
"287",56,19,19085,4,5,6,15,26,8,11,-73,11,1
"688",95,9,19086,5,15,16,28,31,2,7,39,-10,1
"437",75,19,19087,5,6,18,19,27,7,12,-20,10,1
"542",84,14,19088,1,5,18,27,33,6,8,9,-5,1
"90",108,15,19089,9,14,18,33,34,3,12,24,1,1
"188",123,14,19090,13,19,28,30,33,2,12,15,-1,1
"591",88,15,19091,1,13,20,26,28,3,12,-35,1,1
"566",85,7,19092,2,11,15,27,30,2,5,-3,-8,3
"189",123,8,19093,16,17,26,29,35,1,7,38,1,1
"488",80,16,19094,1,12,14,26,27,7,9,-43,8,1
"515",82,8,19095,3,12,17,19,31,2,6,2,-8,4
"579",86,8,19096,2,12,22,23,27,2,6,4,0,1
"125",112,22,19097,10,17,20,30,35,10,12,26,14,1
"577",86,7,19098,13,15,17,19,22,3,4,-26,-15,2
"592",88,16,19099,4,6,18,27,33,7,9,2,9,1
"347",65,17,19100,5,8,12,19,21,6,11,-23,1,1
"485",80,11,19101,5,11,18,19,27,5,6,15,-6,2
"492",80,9,19102,5,10,15,19,31,3,6,0,-2,1
"720",98,11,19103,5,12,22,27,32,4,7,18,2,3
"474",78,8,19104,2,7,19,22,28,3,5,-20,-3,1
"247",45,7,19105,1,4,9,14,17,1,6,-33,-1,1
"611",90,12,19106,5,8,10,32,35,2,10,45,5,1
"687",95,5,19107,5,9,19,27,35,2,3,5,-7,1
"231",144,12,19108,24,27,28,31,34,4,8,49,7,1
"321",62,23,19109,2,7,8,20,25,11,12,-82,11,2
"718",97,9,19110,1,19,23,24,30,4,5,35,-14,1
"628",91,18,19111,6,15,20,23,27,8,10,-6,9,1
"521",83,11,19112,3,10,16,21,33,5,6,-8,-7,2
"112",110,3,19113,3,11,27,34,35,1,2,27,-8,1
"295",58,15,19114,3,5,7,20,23,4,11,-52,12,2
"12",100,17,19115,1,18,21,28,32,5,12,42,2,3
"404",72,14,19116,2,10,16,21,23,2,12,-28,-3,1
"9",100,15,19117,1,18,21,25,35,7,8,28,1,3
"333",63,5,19118,2,3,13,19,26,2,3,-37,-10,1
"434",75,13,19119,3,6,9,23,34,2,11,12,8,1
"552",85,10,19120,6,15,17,22,25,1,9,10,-3,1
"235",30,14,19121,1,2,3,7,17,4,10,-55,4,1
"135",113,21,19122,5,19,25,31,33,10,11,83,7,1
"584",87,17,19123,3,13,15,26,30,5,12,-26,-4,2
"83",107,18,19124,7,17,26,27,30,6,12,20,1,2
"387",70,7,19125,5,8,9,14,34,2,5,-37,-11,1
"464",78,11,19126,5,9,16,18,30,4,7,8,4,1
"249",46,20,19127,4,7,8,11,16,9,11,-32,9,1
"224",135,15,19128,20,21,25,34,35,3,12,89,-5,1
"664",94,18,19129,10,13,18,23,30,6,12,-41,3,2
"498",81,14,19130,1,13,20,21,26,4,10,-13,-4,2
"501",81,16,19131,5,6,14,27,29,6,10,0,2,1
"246",45,22,19132,3,5,6,13,18,10,12,-36,6,1
"7",100,13,19133,3,12,24,27,34,1,12,55,-9,2
