user_01,21001,21050
"user_02		",21051,21100
user_03,81001,8154
user_04,9001,9050
"user_05	",9051,9100
user_06,9101,9153
"user_07	",10001,10050
user_08,10051,10100
user_09,10101,10153
user_10,11001,11050
user_11,11051,11100
user_12,11101,11154
user_13,12001,12050
user_14,12051,12100
user_15,12101,12154
user_16,13001,13050
user_17,13051,13100
user_18,13101,13153
user_19,14001,14050
user_20,14051,14100
user_21,14101,14154
user_22,15001,15025
user_23,15026,15050
user_24,15051,15075
user_25,15076,15100
user_26,15101,15125
user_27,15126,15153
user_28,16001,16050
user_29,16051,16100
user_30,16101,16154
